Id;CalculationDate;Variable;Value
4;2019-03-28;TurnoverRealization;1.379054904
54;2019-03-28;PredictionOfOrdersValue;62864716
59;2019-03-29;TurnoverRealization;1.363919616
109;2019-03-29;PredictionOfOrdersValue;63429752
128;2019-03-31;TurnoverRealization;1.35725224
177;2019-03-31;PredictionOfOrdersValue;63720828
196;2019-04-01;TurnoverRealization;1.34181118
245;2019-04-01;PredictionOfOrdersValue;63720828
265;2019-04-02;TurnoverRealization;1.35330832
314;2019-04-02;PredictionOfOrdersValue;64512576
334;2019-04-03;TurnoverRealization;1.370318532
385;2019-04-03;PredictionOfOrdersValue;64547892
405;2019-04-04;TurnoverRealization;1.393433094
455;2019-04-04;PredictionOfOrdersValue;64994636
475;2019-04-05;TurnoverRealization;1.42250967
525;2019-04-05;PredictionOfOrdersValue;65033808
545;2019-04-06;TurnoverRealization;1.413263083
595;2019-04-06;PredictionOfOrdersValue;65199168
615;2019-04-07;TurnoverRealization;1.398212314
665;2019-04-07;PredictionOfOrdersValue;65199168
685;2019-04-08;TurnoverRealization;1.383478522
735;2019-04-08;PredictionOfOrdersValue;65198104
755;2019-04-09;TurnoverRealization;1.431541324
805;2019-04-09;PredictionOfOrdersValue;65513076
825;2019-04-10;TurnoverRealization;1.445928693
875;2019-04-10;PredictionOfOrdersValue;65668184
895;2019-04-11;TurnoverRealization;1.456007361
946;2019-04-11;PredictionOfOrdersValue;65948396
966;2019-04-12;TurnoverRealization;1.487117767
1017;2019-04-12;PredictionOfOrdersValue;66649208
1037;2019-04-13;TurnoverRealization;1.478006959
1088;2019-04-13;PredictionOfOrdersValue;67111296
1108;2019-04-15;TurnoverRealization;1.448997617
1159;2019-04-15;PredictionOfOrdersValue;67112304
1179;2019-04-16;TurnoverRealization;1.447038531
1230;2019-04-16;PredictionOfOrdersValue;66848616
1250;2019-04-17;TurnoverRealization;1.460711122
1301;2019-04-17;PredictionOfOrdersValue;67105472
1321;2019-04-18;TurnoverRealization;1.468824506
1372;2019-04-18;PredictionOfOrdersValue;68460256
1392;2019-04-19;TurnoverRealization;1.456338286
1443;2019-04-19;PredictionOfOrdersValue;69281928
1477;2019-04-20;TurnoverRealization;1.445081353
1542;2019-04-20;PredictionOfOrdersValue;69480176
1562;2019-04-21;TurnoverRealization;1.431688547
1627;2019-04-21;PredictionOfOrdersValue;69480176
1647;2019-04-22;TurnoverRealization;1.418541551
1712;2019-04-22;PredictionOfOrdersValue;69480176
1732;2019-04-23;TurnoverRealization;1.405633807
1797;2019-04-23;PredictionOfOrdersValue;69480272
1817;2019-04-24;TurnoverRealization;1.396566987
1882;2019-04-24;PredictionOfOrdersValue;69530688
1902;2019-04-25;TurnoverRealization;1.399973512
1967;2019-04-25;PredictionOfOrdersValue;69861976
1987;2019-04-26;TurnoverRealization;1.391566515
2052;2019-04-26;PredictionOfOrdersValue;70527616
2072;2019-04-27;TurnoverRealization;1.39706099
2137;2019-04-27;PredictionOfOrdersValue;70681520
2157;2019-04-28;TurnoverRealization;1.384902
2222;2019-04-28;PredictionOfOrdersValue;70697320
2242;2019-04-29;TurnoverRealization;1.3729527
2307;2019-04-29;PredictionOfOrdersValue;70697320
2327;2019-04-30;TurnoverRealization;1.39782846
2392;2019-04-30;PredictionOfOrdersValue;72664512
2412;2019-05-01;TurnoverRealization;1.413176537
2477;2019-05-01;PredictionOfOrdersValue;73296064
2497;2019-05-02;TurnoverRealization;1.397728682
2562;2019-05-02;PredictionOfOrdersValue;73254144
2583;2019-05-03;TurnoverRealization;1.396444321
2648;2019-05-03;PredictionOfOrdersValue;72831168
2669;2019-05-04;TurnoverRealization;1.381506085
2734;2019-05-04;PredictionOfOrdersValue;72831168
2755;2019-05-05;TurnoverRealization;1.366883874
2821;2019-05-05;PredictionOfOrdersValue;72744920
2842;2019-05-06;TurnoverRealization;1.363661647
2908;2019-05-06;PredictionOfOrdersValue;72919632
2929;2019-05-07;TurnoverRealization;1.357066751
2994;2019-05-07;PredictionOfOrdersValue;72665168
3015;2019-05-08;TurnoverRealization;1.363698721
3080;2019-05-08;PredictionOfOrdersValue;73059744
3101;2019-05-09;TurnoverRealization;1.37140882
3166;2019-05-09;PredictionOfOrdersValue;72976256
3445;2019-05-10;TurnoverRealization;1.31540966
3510;2019-05-10;PredictionOfOrdersValue;63151552
3531;2019-05-11;TurnoverRealization;1.300024271
3596;2019-05-11;PredictionOfOrdersValue;63119216
3617;2019-05-12;TurnoverRealization;1.287213802
3682;2019-05-12;PredictionOfOrdersValue;63119216
3703;2019-05-13;TurnoverRealization;1.274653196
3768;2019-05-13;PredictionOfOrdersValue;63115864
3789;2019-05-14;TurnoverRealization;1.278148413
3854;2019-05-14;PredictionOfOrdersValue;63556440
3875;2019-05-15;TurnoverRealization;1.287904978
3940;2019-05-15;PredictionOfOrdersValue;64167164
3961;2019-05-16;TurnoverRealization;1.282502294
4026;2019-05-16;PredictionOfOrdersValue;63790460
4047;2019-05-17;TurnoverRealization;1.314865589
4112;2019-05-17;PredictionOfOrdersValue;63795888
4133;2019-05-18;TurnoverRealization;1.310976386
4198;2019-05-18;PredictionOfOrdersValue;63964076
4219;2019-05-19;TurnoverRealization;1.282916069
4284;2019-05-19;PredictionOfOrdersValue;63678224
4305;2019-05-20;TurnoverRealization;1.292183399
4370;2019-05-20;PredictionOfOrdersValue;64057188
4477;2019-05-21;TurnoverRealization;1.329254389
4542;2019-05-21;PredictionOfOrdersValue;65371868
4563;2019-05-22;TurnoverRealization;1.337939858
4628;2019-05-22;PredictionOfOrdersValue;65750832
4649;2019-05-23;TurnoverRealization;1.3295542
4714;2019-05-23;PredictionOfOrdersValue;66355564
4735;2019-05-24;TurnoverRealization;1.343055964
4800;2019-05-24;PredictionOfOrdersValue;66711300
4821;2019-05-25;TurnoverRealization;1.34042716
4886;2019-05-25;PredictionOfOrdersValue;67069680
4907;2019-05-26;TurnoverRealization;1.316671133
4972;2019-05-26;PredictionOfOrdersValue;66838272
4993;2019-05-27;TurnoverRealization;1.325091839
5058;2019-05-27;PredictionOfOrdersValue;67217240
5079;2019-05-28;TurnoverRealization;1.313812494
5144;2019-05-28;PredictionOfOrdersValue;67462288
5165;2019-05-29;TurnoverRealization;1.317713618
5230;2019-05-29;PredictionOfOrdersValue;67408336
5251;2019-05-30;TurnoverRealization;1.31611526
5316;2019-05-30;PredictionOfOrdersValue;67602000
5423;2019-05-31;TurnoverRealization;1.308929086
5488;2019-05-31;PredictionOfOrdersValue;67664512
5509;2019-06-01;TurnoverRealization;1.31467545
5575;2019-06-01;PredictionOfOrdersValue;68039600
5596;2019-06-02;TurnoverRealization;1.320377588
5662;2019-06-02;PredictionOfOrdersValue;68424704
5683;2019-06-03;TurnoverRealization;1.329805851
5749;2019-06-03;PredictionOfOrdersValue;68888480
5770;2019-06-04;TurnoverRealization;1.316634536
5836;2019-06-04;PredictionOfOrdersValue;68637144
5858;2019-06-05;TurnoverRealization;1.322374105
5925;2019-06-05;PredictionOfOrdersValue;69287040
5947;2019-06-06;TurnoverRealization;1.315675616
6014;2019-06-06;PredictionOfOrdersValue;69329712
6036;2019-06-07;TurnoverRealization;1.306632876
6103;2019-06-07;PredictionOfOrdersValue;69247616
6125;2019-06-08;TurnoverRealization;1.304191709
6192;2019-06-08;PredictionOfOrdersValue;69817824
6214;2019-06-09;TurnoverRealization;1.290070772
6281;2019-06-09;PredictionOfOrdersValue;69801168
6303;2019-06-10;TurnoverRealization;1.299671054
6370;2019-06-10;PredictionOfOrdersValue;70171904
6481;2019-06-11;TurnoverRealization;1.302236557
6548;2019-06-11;PredictionOfOrdersValue;70945120
6570;2019-06-12;TurnoverRealization;1.311548829
6637;2019-06-12;PredictionOfOrdersValue;71439472
6659;2019-06-13;TurnoverRealization;1.308841944
6726;2019-06-13;PredictionOfOrdersValue;71592424
6748;2019-06-14;TurnoverRealization;1.302912712
6815;2019-06-14;PredictionOfOrdersValue;71369520
6837;2019-06-15;TurnoverRealization;1.306484103
6904;2019-06-15;PredictionOfOrdersValue;71941632
6926;2019-06-16;TurnoverRealization;1.28089571
6993;2019-06-16;PredictionOfOrdersValue;71682888
7015;2019-06-17;TurnoverRealization;1.28998673
7082;2019-06-17;PredictionOfOrdersValue;72062176
7104;2019-06-18;TurnoverRealization;1.278765678
7171;2019-06-18;PredictionOfOrdersValue;70908248
7193;2019-06-19;TurnoverRealization;1.321489811
7260;2019-06-19;PredictionOfOrdersValue;73436960
7282;2019-06-20;TurnoverRealization;1.318810105
7349;2019-06-20;PredictionOfOrdersValue;73080920
7371;2019-06-21;TurnoverRealization;1.319585323
7438;2019-06-21;PredictionOfOrdersValue;73369960
7460;2019-06-22;TurnoverRealization;1.30849278
7527;2019-06-22;PredictionOfOrdersValue;73386728
7549;2019-06-23;TurnoverRealization;1.279967546
7616;2019-06-23;PredictionOfOrdersValue;72953568
7638;2019-06-24;TurnoverRealization;1.288560152
7705;2019-06-24;PredictionOfOrdersValue;73428928
7727;2019-06-25;TurnoverRealization;1.27799499
7794;2019-06-25;PredictionOfOrdersValue;73570032
7816;2019-06-26;TurnoverRealization;1.272195339
7883;2019-06-26;PredictionOfOrdersValue;73910512
7905;2019-06-27;TurnoverRealization;1.294269919
7972;2019-06-27;PredictionOfOrdersValue;74332032
7994;2019-06-28;TurnoverRealization;1.289368749
8061;2019-06-28;PredictionOfOrdersValue;74265600
8083;2019-06-29;TurnoverRealization;1.283726454
8150;2019-06-29;PredictionOfOrdersValue;74452344
8172;2019-06-30;TurnoverRealization;1.260952473
8239;2019-06-30;PredictionOfOrdersValue;74086800
8261;2019-07-01;TurnoverRealization;1.274772048
8328;2019-07-01;PredictionOfOrdersValue;74642160
8350;2019-07-02;TurnoverRealization;1.267336726
8417;2019-07-02;PredictionOfOrdersValue;73721424
8440;2019-07-03;TurnoverRealization;1.270158172
8506;2019-07-03;PredictionOfOrdersValue;73901344
8529;2019-07-04;TurnoverRealization;1.272481441
8595;2019-07-04;PredictionOfOrdersValue;74253728
8618;2019-07-05;TurnoverRealization;1.27060473
8684;2019-07-05;PredictionOfOrdersValue;74083888
8707;2019-07-06;TurnoverRealization;1.266376972
8773;2019-07-06;PredictionOfOrdersValue;74027440
8796;2019-07-07;TurnoverRealization;1.24694252
8862;2019-07-07;PredictionOfOrdersValue;73695312
8885;2019-07-08;TurnoverRealization;1.260301113
8951;2019-07-08;PredictionOfOrdersValue;74093328
8974;2019-07-09;TurnoverRealization;1.253238559
9040;2019-07-09;PredictionOfOrdersValue;73986080
9063;2019-07-10;TurnoverRealization;1.251291752
9129;2019-07-10;PredictionOfOrdersValue;74164040
9152;2019-07-11;TurnoverRealization;1.248753428
9218;2019-07-11;PredictionOfOrdersValue;74107936
9241;2019-07-12;TurnoverRealization;1.247126818
9307;2019-07-12;PredictionOfOrdersValue;74520896
9330;2019-07-13;TurnoverRealization;1.242949605
9396;2019-07-13;PredictionOfOrdersValue;74355560
9419;2019-07-14;TurnoverRealization;1.235238552
9485;2019-07-14;PredictionOfOrdersValue;74355024
9508;2019-07-15;TurnoverRealization;0.133645654
9574;2019-07-15;PredictionOfOrdersValue;43349248
9597;2019-07-16;TurnoverRealization;1.241423249
9663;2019-07-16;PredictionOfOrdersValue;74668192
9686;2019-07-17;TurnoverRealization;1.240345359
9752;2019-07-17;PredictionOfOrdersValue;75964160
9775;2019-07-18;TurnoverRealization;1.234892368
9841;2019-07-18;PredictionOfOrdersValue;76173168
9864;2019-07-19;TurnoverRealization;1.232128263
9930;2019-07-19;PredictionOfOrdersValue;76780080
9953;2019-07-20;TurnoverRealization;1.227404833
10019;2019-07-20;PredictionOfOrdersValue;78376640
10042;2019-07-21;TurnoverRealization;1.204463482
10108;2019-07-21;PredictionOfOrdersValue;77894176
10131;2019-07-22;TurnoverRealization;1.217593074
10197;2019-07-22;PredictionOfOrdersValue;78460144
10220;2019-07-23;TurnoverRealization;1.211584568
10286;2019-07-23;PredictionOfOrdersValue;78587136
10309;2019-07-24;TurnoverRealization;1.207887769
10375;2019-07-24;PredictionOfOrdersValue;79221608
10487;2019-07-25;TurnoverRealization;1.207321882
10553;2019-07-25;PredictionOfOrdersValue;77175120
10576;2019-07-26;TurnoverRealization;1.21088016
10642;2019-07-26;PredictionOfOrdersValue;77349848
10665;2019-07-27;TurnoverRealization;1.209128618
10731;2019-07-27;PredictionOfOrdersValue;77613232
10754;2019-07-28;TurnoverRealization;1.203004837
10820;2019-07-28;PredictionOfOrdersValue;77613232
10843;2019-07-29;TurnoverRealization;1.196942806
10909;2019-07-29;PredictionOfOrdersValue;77613232
10932;2019-07-30;TurnoverRealization;1.192611337
10998;2019-07-30;PredictionOfOrdersValue;77739408
11021;2019-07-31;TurnoverRealization;1.189942598
11087;2019-07-31;PredictionOfOrdersValue;77924472
11110;2019-08-01;TurnoverRealization;1.198622227
11176;2019-08-01;PredictionOfOrdersValue;79413456
11200;2019-08-02;TurnoverRealization;1.214498043
11265;2019-08-02;PredictionOfOrdersValue;80203864
11289;2019-08-03;TurnoverRealization;1.212528586
11354;2019-08-03;PredictionOfOrdersValue;80358912
11378;2019-08-04;TurnoverRealization;1.20649159
11443;2019-08-04;PredictionOfOrdersValue;80695408
11467;2019-08-05;TurnoverRealization;1.200514436
11532;2019-08-05;PredictionOfOrdersValue;80695408
11645;2019-08-06;TurnoverRealization;1.20331192
11710;2019-08-06;PredictionOfOrdersValue;81195712
11734;2019-08-07;TurnoverRealization;1.203662276
11799;2019-08-07;PredictionOfOrdersValue;81342800
11823;2019-08-08;TurnoverRealization;1.202529073
11888;2019-08-08;PredictionOfOrdersValue;82054464
11912;2019-08-09;TurnoverRealization;0.127432913
11977;2019-08-09;PredictionOfOrdersValue;47455116
12001;2019-08-10;TurnoverRealization;1.197637796
12066;2019-08-10;PredictionOfOrdersValue;82360768
12090;2019-08-11;TurnoverRealization;1.191875815
12155;2019-08-11;PredictionOfOrdersValue;82360768
12179;2019-08-12;TurnoverRealization;1.18616879
12244;2019-08-12;PredictionOfOrdersValue;82360768
12268;2019-08-13;TurnoverRealization;1.183485508
12333;2019-08-13;PredictionOfOrdersValue;83080000
12357;2019-08-14;TurnoverRealization;1.18774116
12422;2019-08-14;PredictionOfOrdersValue;83137352
12446;2019-08-15;TurnoverRealization;1.182134628
12511;2019-08-15;PredictionOfOrdersValue;82568656
12535;2019-08-16;TurnoverRealization;1.187124848
12600;2019-08-16;PredictionOfOrdersValue;82827296
12624;2019-08-17;TurnoverRealization;1.185145378
12689;2019-08-17;PredictionOfOrdersValue;82696856
12713;2019-08-18;TurnoverRealization;1.179629207
12778;2019-08-18;PredictionOfOrdersValue;82685080
12802;2019-08-19;TurnoverRealization;1.174164176
12867;2019-08-19;PredictionOfOrdersValue;82685080
12891;2019-08-20;TurnoverRealization;1.173307657
12956;2019-08-20;PredictionOfOrdersValue;82957888
13189;2019-08-21;TurnoverRealization;1.16970849
13264;2019-08-21;PredictionOfOrdersValue;83127760
13288;2019-08-22;TurnoverRealization;1.177437186
13363;2019-08-22;PredictionOfOrdersValue;83376496
13387;2019-08-23;TurnoverRealization;1.17460835
13462;2019-08-23;PredictionOfOrdersValue;83349248
13486;2019-08-24;TurnoverRealization;1.181631684
13561;2019-08-24;PredictionOfOrdersValue;83794136
13585;2019-08-25;TurnoverRealization;1.176305413
13660;2019-08-25;PredictionOfOrdersValue;83794136
13684;2019-08-26;TurnoverRealization;1.171026945
13759;2019-08-26;PredictionOfOrdersValue;83770576
13783;2019-08-27;TurnoverRealization;1.169068217
13858;2019-08-27;PredictionOfOrdersValue;83928904
13882;2019-08-28;TurnoverRealization;1.198697209
13957;2019-08-28;PredictionOfOrdersValue;84826896
13981;2019-08-29;TurnoverRealization;1.200088143
14056;2019-08-29;PredictionOfOrdersValue;85921480
14080;2019-08-30;TurnoverRealization;1.196518898
14155;2019-08-30;PredictionOfOrdersValue;86421056
14179;2019-08-31;TurnoverRealization;1.201114655
14254;2019-08-31;PredictionOfOrdersValue;86414400
14278;2019-09-01;TurnoverRealization;1.195291281
14353;2019-09-01;PredictionOfOrdersValue;86414400
14377;2019-09-02;TurnoverRealization;1.189524174
14452;2019-09-02;PredictionOfOrdersValue;86414400
14477;2019-09-03;TurnoverRealization;1.217879534
14552;2019-09-03;PredictionOfOrdersValue;86109896
14577;2019-09-04;TurnoverRealization;1.215045333
14651;2019-09-04;PredictionOfOrdersValue;86475072
14676;2019-09-05;TurnoverRealization;1.204210758
14750;2019-09-05;PredictionOfOrdersValue;86210176
14775;2019-09-06;TurnoverRealization;1.205954909
14849;2019-09-06;PredictionOfOrdersValue;86249344
14874;2019-09-07;TurnoverRealization;1.205261827
14948;2019-09-07;PredictionOfOrdersValue;86215568
14973;2019-09-08;TurnoverRealization;1.199610114
15047;2019-09-08;PredictionOfOrdersValue;86214736
15072;2019-09-09;TurnoverRealization;1.194011211
15146;2019-09-09;PredictionOfOrdersValue;86214736
15171;2019-09-10;TurnoverRealization;1.190436363
15245;2019-09-10;PredictionOfOrdersValue;86474480
15270;2019-09-11;TurnoverRealization;1.189733028
15344;2019-09-11;PredictionOfOrdersValue;87162976
15369;2019-09-12;TurnoverRealization;1.186581492
15443;2019-09-12;PredictionOfOrdersValue;87004464
15468;2019-09-13;TurnoverRealization;1.185266376
15542;2019-09-13;PredictionOfOrdersValue;87007240
15567;2019-09-14;TurnoverRealization;1.189083576
15641;2019-09-14;PredictionOfOrdersValue;86325712
15666;2019-09-15;TurnoverRealization;1.183684945
15740;2019-09-15;PredictionOfOrdersValue;86325712
15765;2019-09-16;TurnoverRealization;1.178335071
15839;2019-09-16;PredictionOfOrdersValue;86325712
15864;2019-09-17;TurnoverRealization;1.188479185
15938;2019-09-17;PredictionOfOrdersValue;87038336
15963;2019-09-18;TurnoverRealization;1.187999964
16037;2019-09-18;PredictionOfOrdersValue;85909744
16062;2019-09-19;TurnoverRealization;1.186902165
16136;2019-09-19;PredictionOfOrdersValue;84844000
16161;2019-09-20;TurnoverRealization;1.181632996
16235;2019-09-20;PredictionOfOrdersValue;84873616
16260;2019-09-22;TurnoverRealization;1.171234012
16336;2019-09-22;PredictionOfOrdersValue;84865552
16361;2019-09-23;TurnoverRealization;1.166102886
16436;2019-09-23;PredictionOfOrdersValue;84865552
16461;2019-09-24;TurnoverRealization;1.169769883
16536;2019-09-24;PredictionOfOrdersValue;85119584
16561;2019-09-25;TurnoverRealization;1.171502829
16636;2019-09-25;PredictionOfOrdersValue;84809216
16661;2019-09-26;TurnoverRealization;1.173112035
16736;2019-09-26;PredictionOfOrdersValue;84972672
16761;2019-09-27;TurnoverRealization;1.183902979
16836;2019-09-27;PredictionOfOrdersValue;41688420
16861;2019-09-28;TurnoverRealization;1.194693565
16936;2019-09-28;PredictionOfOrdersValue;84159208
16961;2019-09-29;TurnoverRealization;1.189593792
17036;2019-09-29;PredictionOfOrdersValue;84159208
17061;2019-09-30;TurnoverRealization;1.184537172
17136;2019-09-30;PredictionOfOrdersValue;84159208
17161;2019-10-01;TurnoverRealization;1.193396211
17236;2019-10-01;PredictionOfOrdersValue;85767384
17262;2019-10-02;TurnoverRealization;1.189669371
17336;2019-10-02;PredictionOfOrdersValue;85656464
17362;2019-10-03;TurnoverRealization;1.191465497
17436;2019-10-03;PredictionOfOrdersValue;85431336
17462;2019-10-04;TurnoverRealization;1.195757866
17536;2019-10-04;PredictionOfOrdersValue;85124024
17562;2019-10-05;TurnoverRealization;1.196080446
17636;2019-10-05;PredictionOfOrdersValue;85057360
17662;2019-10-06;TurnoverRealization;1.190765381
17736;2019-10-06;PredictionOfOrdersValue;84996472
17762;2019-10-07;TurnoverRealization;1.185497284
17836;2019-10-07;PredictionOfOrdersValue;85042000
17862;2019-10-08;TurnoverRealization;1.193656921
17936;2019-10-08;PredictionOfOrdersValue;85205376
17962;2019-10-09;TurnoverRealization;1.201910496
18036;2019-10-09;PredictionOfOrdersValue;84773512
18062;2019-10-10;TurnoverRealization;1.199213624
18136;2019-10-10;PredictionOfOrdersValue;84637560
18153;2019-09-21;TurnoverRealization;1.176433444
18164;2019-10-11;TurnoverRealization;1.202298999
18238;2019-10-11;PredictionOfOrdersValue;84730848
18264;2019-10-12;TurnoverRealization;1.199777126
18338;2019-10-12;PredictionOfOrdersValue;84770144
18364;2019-10-13;TurnoverRealization;1.194606423
18438;2019-10-13;PredictionOfOrdersValue;84770144
18464;2019-10-14;TurnoverRealization;1.189480066
18538;2019-10-14;PredictionOfOrdersValue;84770144
18564;2019-10-15;TurnoverRealization;1.187546253
18638;2019-10-15;PredictionOfOrdersValue;84765704
18664;2019-10-16;TurnoverRealization;1.194696784
18738;2019-10-16;PredictionOfOrdersValue;84676384
18764;2019-10-17;TurnoverRealization;1.196037769
18838;2019-10-17;PredictionOfOrdersValue;84972016
18864;2019-10-18;TurnoverRealization;1.193611026
18938;2019-10-18;PredictionOfOrdersValue;84660768
18964;2019-10-19;TurnoverRealization;1.208660722
19038;2019-10-19;PredictionOfOrdersValue;85202480
19064;2019-10-20;TurnoverRealization;1.203604341
19138;2019-10-20;PredictionOfOrdersValue;85202480
19164;2019-10-21;TurnoverRealization;1.19859004
19238;2019-10-21;PredictionOfOrdersValue;85208824
19264;2019-10-22;TurnoverRealization;1.198160052
19338;2019-10-22;PredictionOfOrdersValue;84658800
19364;2019-10-23;TurnoverRealization;1.194480181
19438;2019-10-23;PredictionOfOrdersValue;84214640
19464;2019-10-24;TurnoverRealization;1.198258042
19538;2019-10-24;PredictionOfOrdersValue;84920080
19564;2019-10-25;TurnoverRealization;1.197532177
19638;2019-10-25;PredictionOfOrdersValue;84507424
19664;2019-10-26;TurnoverRealization;1.220119119
19738;2019-10-26;PredictionOfOrdersValue;85262768
19764;2019-10-27;TurnoverRealization;1.215160012
19838;2019-10-27;PredictionOfOrdersValue;85262768
19864;2019-10-28;TurnoverRealization;1.210241079
19938;2019-10-28;PredictionOfOrdersValue;85261800
19964;2019-10-29;TurnoverRealization;1.207981825
20038;2019-10-29;PredictionOfOrdersValue;85227680
20064;2019-10-30;TurnoverRealization;1.201319337
20138;2019-10-30;PredictionOfOrdersValue;84049816
20164;2019-10-31;TurnoverRealization;1.203279376
20238;2019-10-31;PredictionOfOrdersValue;84444440
20264;2019-11-01;TurnoverRealization;1.200128198
20338;2019-11-01;PredictionOfOrdersValue;85239304
20364;2019-11-02;TurnoverRealization;1.194120407
20438;2019-11-02;PredictionOfOrdersValue;85239304
20464;2019-11-03;TurnoverRealization;1.18817234
20538;2019-11-03;PredictionOfOrdersValue;85239304
20564;2019-11-04;TurnoverRealization;1.182283282
20638;2019-11-04;PredictionOfOrdersValue;85239304
20665;2019-11-05;TurnoverRealization;1.189277411
20739;2019-11-05;PredictionOfOrdersValue;84841264
20766;2019-11-06;TurnoverRealization;1.198410988
20840;2019-11-06;PredictionOfOrdersValue;83135800
20867;2019-11-07;TurnoverRealization;1.203496695
20941;2019-11-07;PredictionOfOrdersValue;83414648
20968;2019-11-08;TurnoverRealization;1.206938386
21042;2019-11-08;PredictionOfOrdersValue;82898960
21069;2019-11-09;TurnoverRealization;1.203715205
21143;2019-11-09;PredictionOfOrdersValue;82188192
21170;2019-11-10;TurnoverRealization;1.197921276
21244;2019-11-10;PredictionOfOrdersValue;82188192
21271;2019-11-11;TurnoverRealization;1.192183018
21345;2019-11-11;PredictionOfOrdersValue;82188192
21372;2019-11-12;TurnoverRealization;1.186499476
21446;2019-11-12;PredictionOfOrdersValue;82178872
21473;2019-11-13;TurnoverRealization;1.1826545
21547;2019-11-13;PredictionOfOrdersValue;81812976
21574;2019-11-14;TurnoverRealization;1.17805922
21647;2019-11-14;PredictionOfOrdersValue;81814608
21674;2019-11-15;TurnoverRealization;1.183276176
21747;2019-11-15;PredictionOfOrdersValue;81428856
21774;2019-11-16;TurnoverRealization;1.184055805
21847;2019-11-16;PredictionOfOrdersValue;81290952
21874;2019-11-17;TurnoverRealization;1.178542376
21947;2019-11-17;PredictionOfOrdersValue;81290952
21974;2019-11-18;TurnoverRealization;1.184190392
22047;2019-11-18;PredictionOfOrdersValue;81316272
22074;2019-11-19;TurnoverRealization;1.171309233
22147;2019-11-19;PredictionOfOrdersValue;80733344
22174;2019-11-20;TurnoverRealization;1.16765523
22247;2019-11-20;PredictionOfOrdersValue;80042032
22274;2019-11-21;TurnoverRealization;1.171142101
22347;2019-11-21;PredictionOfOrdersValue;80293992
22374;2019-11-22;TurnoverRealization;1.167745471
22447;2019-11-22;PredictionOfOrdersValue;80363168
22474;2019-11-23;TurnoverRealization;1.165585399
22547;2019-11-23;PredictionOfOrdersValue;80183744
22574;2019-11-24;TurnoverRealization;1.160329223
22647;2019-11-24;PredictionOfOrdersValue;80183744
22674;2019-11-25;TurnoverRealization;1.156510234
22747;2019-11-25;PredictionOfOrdersValue;80183736
22774;2019-11-26;TurnoverRealization;1.153312325
22847;2019-11-26;PredictionOfOrdersValue;79811872
22874;2019-11-27;TurnoverRealization;1.156792879
22947;2019-11-27;PredictionOfOrdersValue;79373856
22974;2019-11-28;TurnoverRealization;1.158165693
23047;2019-11-28;PredictionOfOrdersValue;80002576
23074;2019-11-29;TurnoverRealization;1.158927202
23147;2019-11-29;PredictionOfOrdersValue;79443728
23174;2019-11-30;TurnoverRealization;1.156424761
23247;2019-11-30;PredictionOfOrdersValue;78546240
23274;2019-12-01;TurnoverRealization;1.148957849
23347;2019-12-01;PredictionOfOrdersValue;78546240
23374;2019-12-02;TurnoverRealization;1.149841785
23447;2019-12-02;PredictionOfOrdersValue;79145456
23475;2019-12-03;TurnoverRealization;1.145727038
23548;2019-12-03;PredictionOfOrdersValue;77422832
23576;2019-12-04;TurnoverRealization;1.148633003
23648;2019-12-04;PredictionOfOrdersValue;77420272
23676;2019-12-05;TurnoverRealization;1.151242495
23748;2019-12-05;PredictionOfOrdersValue;77859224
23776;2019-12-06;TurnoverRealization;1.144846559
23848;2019-12-06;PredictionOfOrdersValue;76629136
23876;2019-12-07;TurnoverRealization;1.139300227
23948;2019-12-07;PredictionOfOrdersValue;75214120
23976;2019-12-08;TurnoverRealization;1.132261992
24048;2019-12-08;PredictionOfOrdersValue;75214120
24076;2019-12-09;TurnoverRealization;1.125310183
24148;2019-12-09;PredictionOfOrdersValue;75213696
24176;2019-12-10;TurnoverRealization;1.12545979
24249;2019-12-10;PredictionOfOrdersValue;75488288
24277;2019-12-11;TurnoverRealization;1.121338606
24350;2019-12-11;PredictionOfOrdersValue;75504384
24378;2019-12-12;TurnoverRealization;1.116975546
24451;2019-12-12;PredictionOfOrdersValue;75837320
24479;2019-12-13;TurnoverRealization;1.112007737
24552;2019-12-13;PredictionOfOrdersValue;76625936
24580;2019-12-15;TurnoverRealization;1.108362794
24653;2019-12-15;PredictionOfOrdersValue;78094536
24681;2019-12-16;TurnoverRealization;1.101807714
24754;2019-12-16;PredictionOfOrdersValue;78092736
24782;2019-12-17;TurnoverRealization;1.098414302
24855;2019-12-17;PredictionOfOrdersValue;77762720
24883;2019-12-18;TurnoverRealization;1.101639628
24956;2019-12-18;PredictionOfOrdersValue;77587824
24984;2019-12-19;TurnoverRealization;1.111679554
25057;2019-12-19;PredictionOfOrdersValue;74658368
25085;2019-12-20;TurnoverRealization;1.117303491
25158;2019-12-20;PredictionOfOrdersValue;74849544
25186;2019-12-21;TurnoverRealization;1.117446542
25259;2019-12-21;PredictionOfOrdersValue;74456656
25287;2019-12-22;TurnoverRealization;1.111092806
25360;2019-12-22;PredictionOfOrdersValue;74456656
25388;2019-12-23;TurnoverRealization;1.104810953
25461;2019-12-23;PredictionOfOrdersValue;74444056
25489;2019-12-24;TurnoverRealization;1.110702276
25562;2019-12-24;PredictionOfOrdersValue;74330824
25590;2019-12-25;TurnoverRealization;1.104492903
25663;2019-12-25;PredictionOfOrdersValue;74031912
25691;2019-12-26;TurnoverRealization;1.098352432
25764;2019-12-26;PredictionOfOrdersValue;74031912
25792;2019-12-27;TurnoverRealization;1.09228003
25865;2019-12-27;PredictionOfOrdersValue;74031912
25893;2019-12-28;TurnoverRealization;1.090492606
25966;2019-12-28;PredictionOfOrdersValue;74222464
25994;2019-12-29;TurnoverRealization;1.084529519
26067;2019-12-29;PredictionOfOrdersValue;74222464
26095;2019-12-30;TurnoverRealization;1.078631282
26168;2019-12-30;PredictionOfOrdersValue;74222464
26196;2019-12-31;TurnoverRealization;1.134396553
26265;2019-12-31;PredictionOfOrdersValue;74342984
26282;2020-01-01;TurnoverRealization;0.329531014
26351;2020-01-01;PredictionOfOrdersValue;48383832
26368;2020-01-02;TurnoverRealization;0.319545209
26437;2020-01-02;PredictionOfOrdersValue;48383832
26454;2020-01-03;TurnoverRealization;0.310146809
26523;2020-01-03;PredictionOfOrdersValue;48383832
26540;2020-01-04;TurnoverRealization;0.301285505
26609;2020-01-04;PredictionOfOrdersValue;48383832
26626;2020-01-05;TurnoverRealization;0.292916507
26695;2020-01-05;PredictionOfOrdersValue;48383832
26712;2020-01-06;TurnoverRealization;0.284999788
26781;2020-01-06;PredictionOfOrdersValue;48383832
26798;2020-01-07;TurnoverRealization;0.277499795
26864;2020-01-07;PredictionOfOrdersValue;47505232
26881;2020-01-08;TurnoverRealization;0.270384401
26947;2020-01-08;PredictionOfOrdersValue;47234072
26964;2020-01-09;TurnoverRealization;0.263624787
27030;2020-01-09;PredictionOfOrdersValue;47627644
27047;2020-01-10;TurnoverRealization;0.257194906
27116;2020-01-10;PredictionOfOrdersValue;48244324
27133;2020-01-11;TurnoverRealization;0.251071215
27202;2020-01-11;PredictionOfOrdersValue;48532644
27219;2020-01-12;TurnoverRealization;0.245232403
27288;2020-01-12;PredictionOfOrdersValue;48532864
27305;2020-01-13;TurnoverRealization;0.239658907
27374;2020-01-13;PredictionOfOrdersValue;48532864
27391;2020-01-14;TurnoverRealization;0.234333202
27460;2020-01-14;PredictionOfOrdersValue;49011928
27477;2020-01-15;TurnoverRealization;0.26259324
27546;2020-01-15;PredictionOfOrdersValue;49517640
27563;2020-01-16;TurnoverRealization;0.280104786
27632;2020-01-16;PredictionOfOrdersValue;49947752
27649;2020-01-17;TurnoverRealization;0.293975532
27718;2020-01-17;PredictionOfOrdersValue;49950472
27735;2020-01-18;TurnoverRealization;0.294619381
27804;2020-01-18;PredictionOfOrdersValue;50331696
27821;2020-01-19;TurnoverRealization;0.288726985
27890;2020-01-19;PredictionOfOrdersValue;50194196
27907;2020-01-20;TurnoverRealization;0.283065677
27976;2020-01-20;PredictionOfOrdersValue;50194196
27993;2020-01-21;TurnoverRealization;0.287975729
28062;2020-01-21;PredictionOfOrdersValue;50514040
28079;2020-01-22;TurnoverRealization;0.3073816
28148;2020-01-22;PredictionOfOrdersValue;50889448
28165;2020-01-23;TurnoverRealization;0.342732251
28234;2020-01-23;PredictionOfOrdersValue;48915220
28251;2020-01-24;TurnoverRealization;0.375797987
28320;2020-01-24;PredictionOfOrdersValue;49970824
28337;2020-01-25;TurnoverRealization;0.382231772
28406;2020-01-25;PredictionOfOrdersValue;50028908
28423;2020-01-26;TurnoverRealization;0.375525951
28492;2020-01-26;PredictionOfOrdersValue;50028908
28509;2020-01-27;TurnoverRealization;0.369051367
28578;2020-01-27;PredictionOfOrdersValue;50028908
28595;2020-01-28;TurnoverRealization;0.391442657
28664;2020-01-28;PredictionOfOrdersValue;50185008
28681;2020-01-29;TurnoverRealization;0.427179784
28750;2020-01-29;PredictionOfOrdersValue;50488988
28767;2020-01-30;TurnoverRealization;0.431457013
28836;2020-01-30;PredictionOfOrdersValue;50350864
28853;2020-01-31;TurnoverRealization;0.450187147
28922;2020-01-31;PredictionOfOrdersValue;52585216
28939;2020-02-01;TurnoverRealization;0.912427723
29008;2020-02-01;PredictionOfOrdersValue;52638100
29025;2020-02-02;TurnoverRealization;0.882338583
29094;2020-02-02;PredictionOfOrdersValue;52973356
29111;2020-02-03;TurnoverRealization;0.854170501
29180;2020-02-03;PredictionOfOrdersValue;52821172
29198;2020-02-04;TurnoverRealization;0.880759418
29268;2020-02-04;PredictionOfOrdersValue;50976280
29286;2020-02-05;TurnoverRealization;0.875242174
29355;2020-02-05;PredictionOfOrdersValue;50804096
29373;2020-02-06;TurnoverRealization;0.872491121
29442;2020-02-06;PredictionOfOrdersValue;50977056
29460;2020-02-07;TurnoverRealization;0.882624984
29528;2020-02-07;PredictionOfOrdersValue;50900828
29546;2020-02-08;TurnoverRealization;0.948043704
29614;2020-02-08;PredictionOfOrdersValue;51095092
29632;2020-02-09;TurnoverRealization;0.922643423
29700;2020-02-09;PredictionOfOrdersValue;51095092
29718;2020-02-10;TurnoverRealization;0.89856863
29786;2020-02-10;PredictionOfOrdersValue;51095092
29804;2020-02-11;TurnoverRealization;0.933749676
29874;2020-02-11;PredictionOfOrdersValue;51134064
29892;2020-02-12;TurnoverRealization;0.961812913
29962;2020-02-12;PredictionOfOrdersValue;51264024
29980;2020-02-13;TurnoverRealization;0.949278772
30050;2020-02-13;PredictionOfOrdersValue;52402232
30068;2020-02-14;TurnoverRealization;0.954042673
30138;2020-02-14;PredictionOfOrdersValue;52702020
30156;2020-02-15;TurnoverRealization;0.951666832
30226;2020-02-15;PredictionOfOrdersValue;52601272
30244;2020-02-16;TurnoverRealization;0.930196166
30314;2020-02-16;PredictionOfOrdersValue;52601272
30332;2020-02-17;TurnoverRealization;0.909672916
30402;2020-02-17;PredictionOfOrdersValue;52650136
30420;2020-02-18;TurnoverRealization;0.983540237
30490;2020-02-18;PredictionOfOrdersValue;53388448
30508;2020-02-19;TurnoverRealization;0.980937839
30578;2020-02-19;PredictionOfOrdersValue;53661952
30596;2020-02-20;TurnoverRealization;1.175006986
30667;2020-02-20;PredictionOfOrdersValue;54767040
30685;2020-02-21;TurnoverRealization;1.215082526
30756;2020-02-21;PredictionOfOrdersValue;55258132
30774;2020-02-22;TurnoverRealization;1.185337543
30845;2020-02-22;PredictionOfOrdersValue;55309932
30863;2020-02-23;TurnoverRealization;1.162242413
30934;2020-02-23;PredictionOfOrdersValue;55309932
30952;2020-02-24;TurnoverRealization;1.140030026
31023;2020-02-24;PredictionOfOrdersValue;55309932
31041;2020-02-25;TurnoverRealization;1.14223361
31111;2020-02-25;PredictionOfOrdersValue;55238456
31129;2020-02-26;TurnoverRealization;1.128908634
31199;2020-02-26;PredictionOfOrdersValue;55801256
31217;2020-02-27;TurnoverRealization;1.090316534
31287;2020-02-27;PredictionOfOrdersValue;55845708
31305;2020-02-28;TurnoverRealization;1.143341422
31375;2020-02-28;PredictionOfOrdersValue;56016384
31393;2020-02-29;TurnoverRealization;1.215495467
31463;2020-02-29;PredictionOfOrdersValue;56630656
31481;2020-03-01;TurnoverRealization;1.187572002
31551;2020-03-01;PredictionOfOrdersValue;56630656
31745;2020-03-02;TurnoverRealization;0.949943125
31815;2020-03-02;PredictionOfOrdersValue;57011456
31834;2020-03-03;TurnoverRealization;0.972729445
31904;2020-03-03;PredictionOfOrdersValue;56916068
31923;2020-03-04;TurnoverRealization;0.956911147
31993;2020-03-04;PredictionOfOrdersValue;57386264
32012;2020-03-05;TurnoverRealization;0.978016376
32081;2020-03-05;PredictionOfOrdersValue;58205648
32100;2020-03-06;TurnoverRealization;0.99226433
32169;2020-03-06;PredictionOfOrdersValue;58746544
32188;2020-03-07;TurnoverRealization;0.978578925
32257;2020-03-07;PredictionOfOrdersValue;59190084
32276;2020-03-08;TurnoverRealization;0.959212363
32345;2020-03-08;PredictionOfOrdersValue;59239744
32364;2020-03-09;TurnoverRealization;0.940597534
32433;2020-03-09;PredictionOfOrdersValue;59239744
32452;2020-03-10;TurnoverRealization;0.959371686
32521;2020-03-10;PredictionOfOrdersValue;60218156
32540;2020-03-11;TurnoverRealization;0.969644606
32609;2020-03-11;PredictionOfOrdersValue;60220052
32628;2020-03-12;TurnoverRealization;0.966685712
32697;2020-03-12;PredictionOfOrdersValue;60175776
32716;2020-03-13;TurnoverRealization;0.952786684
32785;2020-03-13;PredictionOfOrdersValue;60320032
32804;2020-03-14;TurnoverRealization;0.995221019
32873;2020-03-14;PredictionOfOrdersValue;61193004
32892;2020-03-15;TurnoverRealization;0.977921605
32961;2020-03-15;PredictionOfOrdersValue;61193004
32980;2020-03-16;TurnoverRealization;0.96121341
33049;2020-03-16;PredictionOfOrdersValue;61193004
33068;2020-03-17;TurnoverRealization;0.95926857
33137;2020-03-17;PredictionOfOrdersValue;61639008
33156;2020-03-18;TurnoverRealization;0.951605082
33225;2020-03-18;PredictionOfOrdersValue;62200764
33244;2020-03-19;TurnoverRealization;0.948386848
33314;2020-03-19;PredictionOfOrdersValue;61719728
33333;2020-03-20;TurnoverRealization;0.947369277
33403;2020-03-20;PredictionOfOrdersValue;58096760
33422;2020-03-21;TurnoverRealization;0.981995881
33492;2020-03-21;PredictionOfOrdersValue;58527356
33511;2020-03-22;TurnoverRealization;0.96677804
33581;2020-03-22;PredictionOfOrdersValue;58527356
33600;2020-03-23;TurnoverRealization;0.952024698
33670;2020-03-23;PredictionOfOrdersValue;58512688
33689;2020-03-24;TurnoverRealization;0.969102502
33759;2020-03-24;PredictionOfOrdersValue;58361592
33778;2020-03-25;TurnoverRealization;0.96806705
33849;2020-03-25;PredictionOfOrdersValue;58850908
33868;2020-03-26;TurnoverRealization;0.963614762
33939;2020-03-26;PredictionOfOrdersValue;59304568
33958;2020-03-27;TurnoverRealization;0.957085907
34029;2020-03-27;PredictionOfOrdersValue;59625016
34048;2020-03-28;TurnoverRealization;0.959766448
34119;2020-03-28;PredictionOfOrdersValue;58779488
34138;2020-03-29;TurnoverRealization;0.946348667
34209;2020-03-29;PredictionOfOrdersValue;58779488
34228;2020-03-30;TurnoverRealization;0.933300912
34299;2020-03-30;PredictionOfOrdersValue;58608284
34318;2020-03-31;TurnoverRealization;0.931478381
34389;2020-03-31;PredictionOfOrdersValue;58222328
34408;2020-04-01;TurnoverRealization;0.983057141
34479;2020-04-01;PredictionOfOrdersValue;58543052
34499;2020-04-02;TurnoverRealization;0.989557147
34569;2020-04-02;PredictionOfOrdersValue;59439192
34589;2020-04-03;TurnoverRealization;1.012784362
34660;2020-04-03;PredictionOfOrdersValue;59714264
34680;2020-04-04;TurnoverRealization;1.022794247
34751;2020-04-04;PredictionOfOrdersValue;59487228
34771;2020-04-05;TurnoverRealization;1.011664629
34842;2020-04-05;PredictionOfOrdersValue;59487228
34862;2020-04-06;TurnoverRealization;1.000774622
34933;2020-04-06;PredictionOfOrdersValue;59492696
34953;2020-04-07;TurnoverRealization;1.00701344
35024;2020-04-07;PredictionOfOrdersValue;59900012
35044;2020-04-08;TurnoverRealization;1.00053668
35116;2020-04-08;PredictionOfOrdersValue;60030752
35136;2020-04-09;TurnoverRealization;1.018661499
35208;2020-04-09;PredictionOfOrdersValue;59773140
35228;2020-04-10;TurnoverRealization;1.011743546
35300;2020-04-10;PredictionOfOrdersValue;59913788
35320;2020-04-11;TurnoverRealization;1.001408935
35392;2020-04-11;PredictionOfOrdersValue;59913788
35412;2020-04-12;TurnoverRealization;0.991283357
35484;2020-04-12;PredictionOfOrdersValue;59913788
35504;2020-04-13;TurnoverRealization;0.981360435
35576;2020-04-13;PredictionOfOrdersValue;59913788
35596;2020-04-14;TurnoverRealization;0.971634328
35668;2020-04-14;PredictionOfOrdersValue;59913788
35688;2020-04-15;TurnoverRealization;1.044512391
35761;2020-04-15;PredictionOfOrdersValue;60036540
35781;2020-04-16;TurnoverRealization;1.043423772
35855;2020-04-16;PredictionOfOrdersValue;60102172
35875;2020-04-17;TurnoverRealization;1.052578807
35948;2020-04-17;PredictionOfOrdersValue;60445084
35968;2020-04-18;TurnoverRealization;1.056663752
36040;2020-04-18;PredictionOfOrdersValue;60833612
36060;2020-04-19;TurnoverRealization;1.046685815
36132;2020-04-19;PredictionOfOrdersValue;60833612
36152;2020-04-20;TurnoverRealization;1.036894441
36224;2020-04-20;PredictionOfOrdersValue;60837052
36244;2020-04-21;TurnoverRealization;1.077777982
36316;2020-04-21;PredictionOfOrdersValue;61239156
36336;2020-04-22;TurnoverRealization;1.074890256
36408;2020-04-22;PredictionOfOrdersValue;61768832
36428;2020-04-23;TurnoverRealization;1.082112312
36500;2020-04-23;PredictionOfOrdersValue;61568764
36520;2020-04-24;TurnoverRealization;1.079546452
36592;2020-04-24;PredictionOfOrdersValue;61598112
36612;2020-04-25;TurnoverRealization;1.093631387
36684;2020-04-25;PredictionOfOrdersValue;62370928
36704;2020-04-26;TurnoverRealization;1.083944678
36776;2020-04-26;PredictionOfOrdersValue;62370928
36796;2020-04-27;TurnoverRealization;1.074427962
36868;2020-04-27;PredictionOfOrdersValue;62370928
36888;2020-04-28;TurnoverRealization;1.075607538
36960;2020-04-28;PredictionOfOrdersValue;62171940
36980;2020-04-29;TurnoverRealization;1.077070832
37052;2020-04-29;PredictionOfOrdersValue;62518752
37072;2020-04-30;TurnoverRealization;1.072923303
37144;2020-04-30;PredictionOfOrdersValue;63513232
37164;2020-05-01;TurnoverRealization;1.103748679
37236;2020-05-01;PredictionOfOrdersValue;64207824
37256;2020-05-02;TurnoverRealization;1.091683269
37328;2020-05-02;PredictionOfOrdersValue;64207824
37348;2020-05-03;TurnoverRealization;1.079878807
37420;2020-05-03;PredictionOfOrdersValue;64212328
37440;2020-05-04;TurnoverRealization;1.068326831
37512;2020-05-04;PredictionOfOrdersValue;64296600
37533;2020-05-05;TurnoverRealization;1.078371763
37605;2020-05-05;PredictionOfOrdersValue;64277452
37626;2020-05-06;TurnoverRealization;1.075421095
37697;2020-05-06;PredictionOfOrdersValue;64257856
37718;2020-05-07;TurnoverRealization;1.067875266
37789;2020-05-07;PredictionOfOrdersValue;64473096
37810;2020-05-08;TurnoverRealization;1.061096549
37881;2020-05-08;PredictionOfOrdersValue;64696052
37902;2020-05-09;TurnoverRealization;1.066063166
37973;2020-05-09;PredictionOfOrdersValue;64148624
37994;2020-05-10;TurnoverRealization;1.055346847
38065;2020-05-10;PredictionOfOrdersValue;64148624
38086;2020-05-11;TurnoverRealization;1.044843793
38157;2020-05-11;PredictionOfOrdersValue;64150616
38178;2020-05-12;TurnoverRealization;1.044975519
38249;2020-05-12;PredictionOfOrdersValue;62519216
38270;2020-05-13;TurnoverRealization;1.051483631
38341;2020-05-13;PredictionOfOrdersValue;62712876
38362;2020-05-14;TurnoverRealization;1.051981926
38433;2020-05-14;PredictionOfOrdersValue;62673672
38454;2020-05-15;TurnoverRealization;1.054084301
38526;2020-05-15;PredictionOfOrdersValue;62722608
38547;2020-05-16;TurnoverRealization;1.048863649
38619;2020-05-16;PredictionOfOrdersValue;62878832
38640;2020-05-17;TurnoverRealization;1.039013386
38712;2020-05-17;PredictionOfOrdersValue;62878832
38733;2020-05-18;TurnoverRealization;1.029346347
38805;2020-05-18;PredictionOfOrdersValue;62860284
38826;2020-05-19;TurnoverRealization;1.021333218
38898;2020-05-19;PredictionOfOrdersValue;62797088
38919;2020-05-20;TurnoverRealization;1.023926258
38991;2020-05-20;PredictionOfOrdersValue;62953140
39012;2020-05-21;TurnoverRealization;1.019999981
39084;2020-05-21;PredictionOfOrdersValue;64418480
39105;2020-05-22;TurnoverRealization;1.010556579
39177;2020-05-22;PredictionOfOrdersValue;64040132
39198;2020-05-23;TurnoverRealization;1.012661338
39270;2020-05-23;PredictionOfOrdersValue;63901928
39291;2020-05-24;TurnoverRealization;1.003737688
39363;2020-05-24;PredictionOfOrdersValue;63901928
39384;2020-05-25;TurnoverRealization;0.994969964
39456;2020-05-25;PredictionOfOrdersValue;64204344
39477;2020-05-26;TurnoverRealization;0.991868317
39549;2020-05-26;PredictionOfOrdersValue;64479464
39570;2020-05-27;TurnoverRealization;0.989597857
39642;2020-05-27;PredictionOfOrdersValue;64680452
39663;2020-05-28;TurnoverRealization;0.997273386
39735;2020-05-28;PredictionOfOrdersValue;64486432
39756;2020-05-29;TurnoverRealization;1.019553542
39828;2020-05-29;PredictionOfOrdersValue;65034552
39849;2020-05-30;TurnoverRealization;1.028806925
39921;2020-05-30;PredictionOfOrdersValue;65584296
39942;2020-05-31;TurnoverRealization;1.020267725
40014;2020-05-31;PredictionOfOrdersValue;65584296
40128;2020-06-01;TurnoverRealization;1.009852767
40200;2020-06-01;PredictionOfOrdersValue;65816080
40222;2020-06-02;TurnoverRealization;1.009467721
40294;2020-06-02;PredictionOfOrdersValue;66327216
40316;2020-06-03;TurnoverRealization;1.008850336
40388;2020-06-03;PredictionOfOrdersValue;66297192
40410;2020-06-04;TurnoverRealization;1.005698681
40482;2020-06-04;PredictionOfOrdersValue;66421968
40504;2020-06-05;TurnoverRealization;1.014787674
40576;2020-06-05;PredictionOfOrdersValue;66352240
40598;2020-06-06;TurnoverRealization;1.014286876
40670;2020-06-06;PredictionOfOrdersValue;67187008
40692;2020-06-07;TurnoverRealization;1.004530668
40764;2020-06-07;PredictionOfOrdersValue;67194416
40786;2020-06-08;TurnoverRealization;0.994960129
40858;2020-06-08;PredictionOfOrdersValue;67194416
40880;2020-06-09;TurnoverRealization;0.989631891
40952;2020-06-09;PredictionOfOrdersValue;67043508
40974;2020-06-10;TurnoverRealization;0.993834615
41046;2020-06-10;PredictionOfOrdersValue;66993332
41068;2020-06-11;TurnoverRealization;0.986094236
41139;2020-06-11;PredictionOfOrdersValue;67259624
41161;2020-06-12;TurnoverRealization;0.977044344
41232;2020-06-12;PredictionOfOrdersValue;67259624
41254;2020-06-13;TurnoverRealization;0.96815902
41325;2020-06-13;PredictionOfOrdersValue;67259624
41347;2020-06-14;TurnoverRealization;0.959433913
41418;2020-06-14;PredictionOfOrdersValue;67259624
41440;2020-06-15;TurnoverRealization;0.950864553
41511;2020-06-15;PredictionOfOrdersValue;67259624
41533;2020-06-16;TurnoverRealization;0.949837208
41604;2020-06-16;PredictionOfOrdersValue;66272516
41626;2020-06-17;TurnoverRealization;0.943564653
41697;2020-06-17;PredictionOfOrdersValue;66566104
41719;2020-06-18;TurnoverRealization;0.939790428
41790;2020-06-18;PredictionOfOrdersValue;66838648
41812;2020-06-19;TurnoverRealization;0.925249994
41885;2020-06-19;PredictionOfOrdersValue;66916756
41907;2020-06-20;TurnoverRealization;0.923003912
41980;2020-06-20;PredictionOfOrdersValue;67500016
42002;2020-06-21;TurnoverRealization;0.915179372
42075;2020-06-21;PredictionOfOrdersValue;67500016
42097;2020-06-22;TurnoverRealization;0.90748626
42170;2020-06-22;PredictionOfOrdersValue;67436056
42192;2020-06-23;TurnoverRealization;0.906799018
42265;2020-06-23;PredictionOfOrdersValue;67636952
42287;2020-06-24;TurnoverRealization;0.915212989
42360;2020-06-24;PredictionOfOrdersValue;68246688
42382;2020-06-25;TurnoverRealization;0.912091792
42455;2020-06-25;PredictionOfOrdersValue;67717312
42477;2020-06-26;TurnoverRealization;0.905872941
42550;2020-06-26;PredictionOfOrdersValue;67990072
42572;2020-06-29;TurnoverRealization;0.892126143
42645;2020-06-29;PredictionOfOrdersValue;68155968
42667;2020-06-30;TurnoverRealization;0.888413608
42740;2020-06-30;PredictionOfOrdersValue;68229216
42762;2020-07-01;TurnoverRealization;0.901446164
42835;2020-07-01;PredictionOfOrdersValue;68098160
42954;2020-07-02;TurnoverRealization;0.906386793
43053;2020-07-02;PredictionOfOrdersValue;68342672
43076;2020-07-03;TurnoverRealization;0.905169666
43175;2020-07-03;PredictionOfOrdersValue;68122056
43198;2020-07-04;TurnoverRealization;0.912591934
43297;2020-07-04;PredictionOfOrdersValue;68005696
43320;2020-07-05;TurnoverRealization;0.907360733
43419;2020-07-05;PredictionOfOrdersValue;68005696
43442;2020-07-06;TurnoverRealization;0.902189076
43541;2020-07-06;PredictionOfOrdersValue;68005696
43564;2020-07-07;TurnoverRealization;0.917244315
43666;2020-07-07;PredictionOfOrdersValue;68560144
43689;2020-07-08;TurnoverRealization;0.92242825
43790;2020-07-08;PredictionOfOrdersValue;68250088
43813;2020-07-09;TurnoverRealization;0.917259157
43914;2020-07-09;PredictionOfOrdersValue;68250088
43937;2020-07-10;TurnoverRealization;0.920082033
44038;2020-07-10;PredictionOfOrdersValue;68127528
44061;2020-07-11;TurnoverRealization;0.916477084
44162;2020-07-11;PredictionOfOrdersValue;67801120
44185;2020-07-12;TurnoverRealization;0.911426246
44286;2020-07-12;PredictionOfOrdersValue;67801120
44309;2020-07-13;TurnoverRealization;0.906430721
44410;2020-07-13;PredictionOfOrdersValue;67801120
44433;2020-07-14;TurnoverRealization;0.906739354
44534;2020-07-14;PredictionOfOrdersValue;67837240
44557;2020-07-15;TurnoverRealization;0.907013535
44659;2020-07-15;PredictionOfOrdersValue;67985136
44682;2020-07-16;TurnoverRealization;0.911600113
44783;2020-07-16;PredictionOfOrdersValue;68412384
44806;2020-07-17;TurnoverRealization;0.909087002
44907;2020-07-17;PredictionOfOrdersValue;68929984
44930;2020-07-18;TurnoverRealization;0.914970338
45031;2020-07-18;PredictionOfOrdersValue;68959600
45054;2020-07-19;TurnoverRealization;0.910115182
45155;2020-07-19;PredictionOfOrdersValue;68959600
45178;2020-07-20;TurnoverRealization;0.905311167
45279;2020-07-20;PredictionOfOrdersValue;68959600
45302;2020-07-21;TurnoverRealization;0.902400076
45403;2020-07-21;PredictionOfOrdersValue;69404080
45426;2020-07-22;TurnoverRealization;0.899209023
45527;2020-07-22;PredictionOfOrdersValue;69476304
45550;2020-07-23;TurnoverRealization;0.895967901
45651;2020-07-23;PredictionOfOrdersValue;69569904
45674;2020-07-24;TurnoverRealization;0.898962319
45775;2020-07-24;PredictionOfOrdersValue;70160080
45798;2020-07-25;TurnoverRealization;0.896787226
45899;2020-07-25;PredictionOfOrdersValue;70620464
45922;2020-07-26;TurnoverRealization;0.89219892
46023;2020-07-26;PredictionOfOrdersValue;70620464
46046;2020-07-27;TurnoverRealization;0.887657285
46147;2020-07-27;PredictionOfOrdersValue;70620464
46170;2020-07-28;TurnoverRealization;0.890467465
46271;2020-07-28;PredictionOfOrdersValue;70051872
46294;2020-07-29;TurnoverRealization;0.890094519
46395;2020-07-29;PredictionOfOrdersValue;70464680
46418;2020-07-30;TurnoverRealization;0.889563024
46519;2020-07-30;PredictionOfOrdersValue;70370920
46542;2020-07-31;TurnoverRealization;0.888228595
46643;2020-07-31;PredictionOfOrdersValue;70692848
46666;2020-08-01;TurnoverRealization;0.892474353
46767;2020-08-01;PredictionOfOrdersValue;70731152
46790;2020-08-02;TurnoverRealization;0.887986183
46891;2020-08-02;PredictionOfOrdersValue;70731152
46914;2020-08-03;TurnoverRealization;0.883542955
47015;2020-08-03;PredictionOfOrdersValue;70732264
47039;2020-08-04;TurnoverRealization;0.881816268
47139;2020-08-04;PredictionOfOrdersValue;71145160
47163;2020-08-05;TurnoverRealization;0.884028077
47263;2020-08-05;PredictionOfOrdersValue;70952936
47287;2020-08-06;TurnoverRealization;0.882646501
47387;2020-08-06;PredictionOfOrdersValue;70786816
47411;2020-08-07;TurnoverRealization;0.877977729
47511;2020-08-07;PredictionOfOrdersValue;70537904
47535;2020-08-08;TurnoverRealization;0.88716948
47635;2020-08-08;PredictionOfOrdersValue;70754192
47659;2020-08-09;TurnoverRealization;0.882859647
47759;2020-08-09;PredictionOfOrdersValue;70754192
47783;2020-08-10;TurnoverRealization;0.878591478
47883;2020-08-10;PredictionOfOrdersValue;70754192
47907;2020-08-11;TurnoverRealization;0.875406325
48007;2020-08-11;PredictionOfOrdersValue;70327800
48031;2020-08-12;TurnoverRealization;0.874532402
48131;2020-08-12;PredictionOfOrdersValue;70653776
48155;2020-08-13;TurnoverRealization;0.87515831
48255;2020-08-13;PredictionOfOrdersValue;70590448
48279;2020-08-14;TurnoverRealization;0.877901196
48379;2020-08-14;PredictionOfOrdersValue;71172352
48403;2020-08-15;TurnoverRealization;0.87984705
48503;2020-08-15;PredictionOfOrdersValue;71815160
48527;2020-08-16;TurnoverRealization;0.875713348
48627;2020-08-16;PredictionOfOrdersValue;71815160
48651;2020-08-17;TurnoverRealization;0.87161833
48751;2020-08-17;PredictionOfOrdersValue;71815160
48775;2020-08-18;TurnoverRealization;0.868728042
48875;2020-08-18;PredictionOfOrdersValue;71655104
48899;2020-08-19;TurnoverRealization;0.86855495
48999;2020-08-19;PredictionOfOrdersValue;71133720
49023;2020-08-20;TurnoverRealization;0.868210793
49123;2020-08-20;PredictionOfOrdersValue;71266296
